approx.,C(w),S(w)
trap,-0.008215740144801087,2.1808940275924726e-05
gauss,-1.8274118071426315e-05,1.3156296661764877e-05
