approx.,C(w),S(w)
trap,-0.008197426795816587,8.613069686080888e-06
gauss,3.9230913073673435e-08,-3.9573928078961984e-08
