approx.,C(w),S(w)
trap,-0.008215740144801087,2.1808940275924726e-05
gauss,-0.008215740144801087,2.1808940275924726e-05
