fn,value
C(w),0.5636311887040103
S(w),0.4991913819171162
