approx.,C(w),S(w)
trap,1.4575974407331989,0.004368968668218103
gauss,0.003242106890323537,0.0026355910547604987
