approx.,C(w),S(w)
trap,1.4543956279704977,0.001725404186705442
gauss,6.960387677357419e-06,7.92760579914572e-06
