fn,Value,num of eval
C(w),0.5636494628220817,36
S(w),0.49917822562045444,36
