fn,Value,num of eval
C(w),0.5636311494730972,511
S(w),0.4991914214910443,511
