polynomial,age
2,1144.9999999999995
3,1143.7323437499995
