polynomial,age
0,1144.9999999999964
1,1144.999999999999
2,1144.999999999999
3,1144.9999999999995
4,1142.5062499999997
5,1135.4999999999995
