polynomial,RMSE,MAE
0,16.903085094570333,8.571428571428864
1,83.15218406203,48.57142857142862
