polynomial,RMSE,MAE
0,16.903085094570333,8.571428571429124
1,83.15218406202924,48.57142857142857
