error,value
quad. min,4.747151815583922e-09
quad. max,7.7895576311414e-09
cub. min,-3.869960719226023e-09
cub. max,-7.489959260712883e-09
