polynomial,error
cubic. k = 2,-0.8002080078128984
cubic. k = 3,-0.9348964843748035
newt. k = 2,-0.8002080078124436
newt. k = 3,-0.9348964843750309
